Sort_ID,Sample_ID,Sample_Month,Reach,Sample_No,MixSIAR,Group,Taxon,FL_mm,PIT_tag,Sample_Mass_microg,microg_C,percent_C,microg_N,percent_N,d15N,C_N_ratio,Sample_Notes,d13C_corr_v1,d13C_corr_v2,FINAL d13C,d13C_diff
58,84,6,3,108145,Mixture,Fish,Onki,118,900226000647100,709,184.39147,26.00726,54.61494,7.70309,10.54137,3.37621,double tinned,-23.18931,NA,-23.18931,
85,66,6,3,108127,Mixture,Fish,Onki,132,900226000686598,694,186.17168,26.82589,57.71447,8.31621,11.54458,3.22574,large,-19.64222,NA,-19.64222,
50,34,6,2,108095,Mixture,Fish,Onki,136,900226000692323,690,214.01268,31.01633,62.99646,9.12992,11.16953,3.39722,large,-22.41304,NA,-22.41304,
60,69,6,3,108130,Mixture,Fish,Onki,137,900226000683814,686,207.09534,30.18882,61.58376,8.97722,12.06358,3.36282,large,-19.693,NA,-19.693,
77,70,6,3,108131,Mixture,Fish,Onki,137,900226000684883,720,205.81824,28.58587,62.88389,8.73387,12.43097,3.27299,large,-19.36198,NA,-19.36198,
81,56,6,3,108117,Mixture,Fish,Onki,137,900226000534766,716,199.53978,27.86868,61.29114,8.56021,11.14947,3.25561,large,-23.98185,NA,-23.98185,
86,8,6,2,108069,Mixture,Fish,Onki,137,900226000686771,697,203.82483,29.24316,63.24972,9.07457,12.61573,3.22254,large,-19.95575,NA,-19.95575,
44,3,6,1,108064,Mixture,Fish,Onki,138,900226000647418,715,216.49059,30.2784,63.46078,8.87563,11.70117,3.41141,large,-21.16246,NA,-21.16246,
59,29,6,2,108090,Mixture,Fish,Onki,139,900226000684665,713,230.5847,32.34007,68.45855,9.60148,12.20592,3.36824,large,-21.08858,NA,-21.08858,
68,15,6,2,108076,Mixture,Fish,Onki,139,900226000648671,682,197.60638,28.97454,59.31567,8.69731,11.81706,3.33144,large,-20.66916,NA,-20.66916,
51,71,6,3,108132,Mixture,Fish,Onki,140,900226000683209,729,214.35416,29.40386,63.14916,8.66244,12.1126,3.39441,large,-20.12521,NA,-20.12521,
76,62,6,3,108123,Mixture,Fish,Onki,140,900226000687645,719,229.8508,31.96812,69.87684,9.71861,11.63036,3.28937,large,-23.5225,NA,-23.5225,
74,32,6,2,108093,Mixture,Fish,Onki,141,900226000689492,697,196.55682,28.2004,59.32692,8.51175,11.80513,3.31311,large,-20.21099,NA,-20.21099,
42,24,6,2,108085,Mixture,Fish,Onki,142,900226000690894,692,247.18829,35.72085,72.23502,10.43859,12.92458,3.422,large,-20.1112,NA,-20.1112,
71,4,6,1,108065,Mixture,Fish,Onki,142,900226000689757,689,205.30842,29.79803,61.7836,8.96714,13.28734,3.32302,large,-20.68436,NA,-20.68436,
19,2,6,1,108063,Mixture,Fish,Onki,143,900226000689727,715,254.84299,35.64238,71.95924,10.06423,12.11642,3.54149,large,-22.87115,0.186075683,-22.68507,
88,31,6,2,108092,Mixture,Fish,Onki,143,900226000688767,720,209.93281,29.15733,65.39685,9.0829,12.17791,3.21014,large,-19.43714,NA,-19.43714,
69,13,6,2,108074,Mixture,Fish,Onki,144,900226000690630,709,187.98672,26.51435,56.45658,7.96285,11.38775,3.32976,large,-20.3757,NA,-20.3757,
83,67,6,3,108128,Mixture,Fish,Onki,144,900226000720367,797,220.42053,27.65628,67.83383,8.51115,12.05167,3.24942,large,-20.31894,NA,-20.31894,
84,26,6,2,108087,Mixture,Fish,Onki,144,900226000689083,693,173.74267,25.07109,53.54684,7.72682,11.98781,3.24469,large,-19.44942,NA,-19.44942,
90,68,6,3,108129,Mixture,Fish,Onki,144,900226000684959,714,185.39043,25.96505,57.98461,8.12109,12.17354,3.19723,large,-19.00976,NA,-19.00976,
41,54,6,3,108115,Mixture,Fish,Onki,145,900226000645307,700,243.25046,34.75007,70.73794,10.10542,11.18053,3.43876,large,-21.52555,NA,-21.52555,
91,57,6,3,108118,Mixture,Fish,Onki,148,900226000688982,710,203.61966,28.67882,63.73656,8.97698,11.96878,3.19471,large,-19.60508,NA,-19.60508,
52,19,6,2,108080,Mixture,Fish,Onki,149,900226000645097,709,227.35711,32.06729,67.02901,9.45402,12.00641,3.39192,large,-20.75969,NA,-20.75969,
67,58,6,3,108119,Mixture,Fish,Onki,150,900226000681245,689,201.93089,29.30782,60.5229,8.78417,11.45108,3.33644,large,-20.61185,NA,-20.61185,
73,20,6,2,108081,Mixture,Fish,Onki,151,900226000648565,712,227.07301,31.89228,68.38539,9.60469,12.47404,3.32049,large,-20.87406,NA,-20.87406,
55,45,6,3,108106,Mixture,Fish,Onki,152,900226000690304,708,249.67409,35.2647,73.7912,10.42249,12.65049,3.38352,large,-19.85253,NA,-19.85253,
75,16,6,2,108077,Mixture,Fish,Onki,153,900226000534752,712,215.67778,30.29182,65.30117,9.17151,12.36367,3.30282,large,-19.83962,NA,-19.83962,
92,35,6,3,108096,Mixture,Fish,Onki,153,900226000689088,702,212.3397,30.24782,68.17996,9.71224,11.53476,3.1144,large,-19.04051,NA,-19.04051,
43,72,6,3,108133,Mixture,Fish,Onki,154,900226000682611,643,218.96269,34.0533,64.16327,9.97874,11.76242,3.41259,large,-21.02601,NA,-21.02601,
56,11,6,2,108072,Mixture,Fish,Onki,154,900226000648982,701,221.8331,31.64524,65.59665,9.35758,12.53706,3.38177,large,-19.98101,NA,-19.98101,
61,10,6,2,108071,Mixture,Fish,Onki,154,900226000646421,720,233.37827,32.41365,69.45192,9.6461,12.41945,3.36029,large,-20.81512,NA,-20.81512,
37,73,6,3,108134,Mixture,Fish,Onki,155,900226000682740,609,207.84149,34.12832,60.08078,9.86548,12.66339,3.45937,large,-20.85943,NA,-20.85943,
66,52,6,3,108113,Mixture,Fish,Onki,156,900226000685619,691,233.52821,33.79569,69.83463,10.10631,12.19528,3.34402,large,-20.88794,NA,-20.88794,
70,6,6,1,108067,Mixture,Fish,Onki,156,900226000534827,696,191.89298,27.57083,57.661,8.28463,11.75463,3.32795,large,-19.77436,NA,-19.77436,
79,18,6,2,108079,Mixture,Fish,Onki,156,900226000534860,720,204.19573,28.36052,62.57716,8.69127,12.44937,3.2631,large,-19.24515,NA,-19.24515,
35,42,6,3,108103,Mixture,Fish,Onmy,113,900226000534851,708,271.10724,38.29198,78.30214,11.05962,11.63017,3.46232,large,-22.55859,NA,-22.55859,
78,65,6,3,108126,Mixture,Fish,Onmy,117,900226000687685,705,210.51677,29.86054,64.4457,9.14123,11.37851,3.26658,large,-22.44025,NA,-22.44025,
29,46,6,3,108107,Mixture,Fish,Onmy,122,900226000688756,702,225.67623,32.14761,64.49354,9.18711,11.99924,3.49921,large,-22.79388,NA,-22.79388,
34,59,6,3,108120,Mixture,Fish,Onmy,129,900226000688914,691,220.39686,31.89535,63.62962,9.20834,11.27543,3.46375,large,-23.13597,NA,-23.13597,
28,95,6,4,108156,Mixture,Fish,Onmy,131,900226000687587,622,204.94471,32.94931,58.5571,9.41433,11.67734,3.49991,large,-23.52172,NA,-23.52172,
47,38,6,3,108099,Mixture,Fish,Onmy,132,900226000534994,720,238.35845,33.10534,70.03572,9.72718,11.72273,3.40338,double tinned,-22.27704,NA,-22.27704,
12,85,6,4,108146,Mixture,Fish,Onmy,134,900226000687513,617,237.97904,38.57035,63.12351,10.23072,12.44405,3.77005,large,-22.03865,0.412353162,-21.6263,
14,92,6,4,108153,Mixture,Fish,Onmy,134,900226000687561,725,250.69697,34.57889,69.70329,9.61425,13.57808,3.59663,large,-22.79882,0.240663862,-22.55815,
15,74,6,3,108135,Mixture,Fish,Onmy,134,900226000645058,601,193.76691,32.24075,53.93685,8.97452,12.46946,3.59248,large,-22.42482,0.236552192,-22.18827,
40,40,6,3,108101,Mixture,Fish,Onmy,136,900226000688910,682,210.45885,30.85907,61.01479,8.94645,11.32866,3.44931,double tinned,-22.31879,NA,-22.31879,
20,50,6,3,108111,Mixture,Fish,Onmy,137,900226000688884,719,227.76746,31.67837,64.54138,8.97655,10.97327,3.52901,large,-23.50716,0.173724356,-23.33343,
25,64,6,3,108125,Mixture,Fish,Onmy,137,900226000688813,707,229.18792,32.41696,65.1464,9.21448,11.56883,3.51804,large,-21.88634,0.162863742,-21.72348,
1,88,6,4,108149,Mixture,Fish,Onmy,139,900226000688773,741,267.34073,36.07837,60.81656,8.20736,10.41567,4.39585,large,-24.83004,1.031895605,-23.79814,
13,86,6,4,108147,Mixture,Fish,Onmy,140,900226000646451,742,254.0923,34.24425,69.57216,9.3763,10.57505,3.65221,large,-23.87785,0.295690259,-23.58216,
39,41,6,3,108102,Mixture,Fish,Onmy,140,900226000688819,699,250.1318,35.78423,72.40668,10.35861,11.49868,3.45454,large,-23.08204,NA,-23.08204,
48,37,6,3,108098,Mixture,Fish,Onmy,141,900226000534992,710,225.22642,31.72203,66.21856,9.32656,12.48312,3.40126,large,-21.78647,NA,-21.78647,
45,61,6,3,108122,Mixture,Fish,Onmy,142,900226000688807,708,233.14153,32.92959,68.38539,9.65895,10.72834,3.40923,large,-23.60641,NA,-23.60641,
5,91,6,4,108152,Mixture,Fish,Onmy,144,900226000687739,511,202.1021,39.55031,48.4319,9.47787,11.91929,4.17291,small,-21.80702,0.811183776,-20.99584,
80,43,6,3,108104,Mixture,Fish,Onmy,144,900226000688940,722,227.86216,31.55986,69.86277,9.67628,11.53909,3.26157,large,-21.48604,NA,-21.48604,
3,80,6,3,108141,Mixture,Fish,Onmy,145,900226000687627,748,315.54556,42.18524,72.28036,9.66315,11.5243,4.36558,large,-21.17364,1.00192238,-20.17172,
23,63,6,3,108124,Mixture,Fish,Onmy,148,900226000687708,696,233.06262,33.48601,66.14821,9.50405,11.77911,3.52334,large,-22.89551,0.168106455,-22.7274,
11,89,6,4,108150,Mixture,Fish,Onmy,150,900226000688962,693,247.71482,35.74528,62.86813,9.07188,12.28252,3.94023,large,-21.2379,0.580826732,-20.65707,
65,49,6,3,108110,Mixture,Fish,Onmy,151,900226000688904,715,231.77631,32.41627,69.27463,9.68876,11.64677,3.34576,large,-21.71609,NA,-21.71609,
6,78,6,3,108139,Mixture,Fish,Onmy,152,900226000687503,681,221.96393,32.59382,54.11001,7.94567,12.41485,4.10209,large,-22.79737,0.741065631,-22.0563,
9,90,6,4,108151,Mixture,Fish,Onmy,152,900226000687628,730,283.35117,38.81523,70.78684,9.69683,11.55468,4.00288,large,-22.53006,0.642850255,-21.88721,
36,55,6,3,108116,Mixture,Fish,Onmy,152,900226000687282,711,261.76378,36.81628,75.62878,10.63696,12.04586,3.46117,large,-20.83029,NA,-20.83029,
4,75,6,3,108136,Mixture,Fish,Onmy,155,900226000687626,709,250.60369,35.34608,59.7828,8.43199,12.05879,4.1919,large,-23.12581,0.829983877,-22.29583,
18,82,6,3,108143,Mixture,Fish,Onmy,155,900226000687736,766,257.08662,33.56222,72.51776,9.46707,11.28142,3.54515,large,-22.50358,0.189702185,-22.31388,
72,39,6,3,108100,Mixture,Fish,Onmy,155,900226000534893,718,222.06984,30.92895,66.86016,9.312,11.97524,3.32141,large,-20.27469,NA,-20.27469,
21,22,6,2,108083,Mixture,Fish,Onmy,156,900226000688924,717,271.35188,37.84545,76.95983,10.73359,11.0416,3.52589,large,-22.81238,0.170630792,-22.64174,
22,94,6,4,108155,Mixture,Fish,Onmy,156,900226000534840,630,221.7924,35.20514,62.94306,9.99096,11.65002,3.5237,large,-22.11573,0.168462136,-21.94726,
27,7,6,1,108068,Mixture,Fish,Onmy,156,900226000534824,688,259.5305,37.72246,74.00788,10.75696,11.74387,3.5068,large,-21.35646,0.151727503,-21.20473,
53,5,6,1,108066,Mixture,Fish,Onmy,156,900226000647004,696,242.08253,34.78197,71.48367,10.27064,12.03056,3.38654,large,-19.56787,NA,-19.56787,
38,51,6,3,108112,Mixture,Fish,Onmy,157,900226000688888,716,248.14316,34.65687,71.82136,10.03092,12.18378,3.45501,large,-20.25017,NA,-20.25017,
8,79,6,3,108140,Mixture,Fish,Onmy,160,900226000687501,657,256.84261,39.09324,63.85801,9.71964,12.11323,4.02209,large,-21.08875,0.661868339,-20.42688,
17,30,6,2,108091,Mixture,Fish,Onmy,160,900226000688947,688,254.87455,37.04572,71.81291,10.43792,11.76789,3.54915,large,-22.96912,0.193655077,-22.77546,
24,96,6,4,108157,Mixture,Fish,Onmy,160,900226000687690,705,230.47714,32.69179,65.43091,9.28098,11.90545,3.52245,large,-22.41948,0.167225784,-22.25225,
30,83,6,3,108144,Mixture,Fish,Onmy,160,900226000687719,680,245.59314,36.11664,70.19837,10.32329,10.78513,3.49856,large,-23.86684,NA,-23.86684,
33,36,6,3,108097,Mixture,Fish,Onmy,162,900226000688873,703,242.59547,34.5086,69.67704,9.91139,12.1743,3.48171,large,-21.15829,NA,-21.15829,
49,21,6,2,108082,Mixture,Fish,Onmy,164,900226000534951,682,223.20621,32.72818,65.63042,9.62323,12.19053,3.40096,large,-19.98615,NA,-19.98615,
63,33,6,2,108094,Mixture,Fish,Onmy,165,900226000534975,691,213.98112,30.96688,63.83223,9.23766,12.26915,3.35224,large,-20.28809,NA,-20.28809,
7,87,6,4,108148,Mixture,Fish,Onmy,167,900226000688843,744,266.33298,35.79744,64.96349,8.73165,11.71685,4.09973,large,-21.32586,0.738735867,-20.58712,
82,28,6,2,108089,Mixture,Fish,Onmy,167,900226000534777,715,226.87573,31.73087,69.73895,9.7537,11.14353,3.25321,large,-20.68631,NA,-20.68631,
10,76,6,3,108137,Mixture,Fish,Onmy,172,900226000687746,774,282.0185,36.4365,71.37768,9.22192,12.09202,3.95107,large,-20.99732,0.591563463,-20.40576,
32,1,6,1,108062,Mixture,Fish,Onmy,172,900226000534995,689,247.85117,35.97259,71.07282,10.31536,12.09033,3.48729,large,-21.87648,NA,-21.87648,
2,77,6,3,108138,Mixture,Fish,Onmy,174,900226000687613,789,300.21123,38.04959,68.29774,8.65624,12.14163,4.39562,large,-21.35814,1.031668594,-20.32647,
16,81,6,3,108142,Mixture,Fish,Onmy,175,900226000688878,760,264.67077,34.8251,73.80157,9.71073,12.37604,3.58625,large,-19.16811,0.23038605,-18.93772,
54,12,6,2,108073,Mixture,Fish,Onmy,178,900226000534818,688,240.31485,34.92948,71.02498,10.3234,12.25639,3.38353,large,-20.59389,NA,-20.59389,
62,9,6,2,108070,Mixture,Fish,Onmy,181,900226000534882,685,230.52946,33.65394,68.68368,10.02681,12.59714,3.35639,large,-19.12565,NA,-19.12565,
64,47,6,3,108108,Mixture,Fish,Onmy,182,900226000688854,700,200.49465,28.64209,59.91788,8.5597,12.00952,3.34616,large,-20.51624,NA,-20.51624,
26,14,6,2,108075,Mixture,Fish,Onmy,183,900226000688923,692,255.49798,36.92167,72.82598,10.52398,12.24448,3.50834,large,-19.51648,0.153252438,-19.36323,
46,25,6,2,108086,Mixture,Fish,Onmy,183,900226000534847,696,211.68471,30.41447,62.14098,8.9283,12.60445,3.40652,large,-19.28349,NA,-19.28349,
57,27,6,2,108088,Mixture,Fish,Onmy,185,900226000688907,701,243.02161,34.66785,71.97331,10.26723,12.82492,3.37655,large,-19.80681,NA,-19.80681,
89,17,6,2,108078,Mixture,Fish,Onmy,187,900226000688936,714,219.34729,30.72091,68.41353,9.58173,12.31588,3.2062,large,-19.49843,NA,-19.49843,
87,23,6,2,108084,Mixture,Fish,Onmy,210,900226000534917,704,215.6541,30.63268,67.09936,9.53116,11.25524,3.21395,large,-25.34566,NA,-25.34566,
31,98,6,4,108159,Mixture,Fish,Onmy,222,900226000687594,765,259.05034,33.86279,74.13351,9.69066,12.26365,3.49438,large,-22.93448,NA,-22.93448,
125,29,7,2,107976,Mixture,Fish,Onki,119,900226000688028,494,140.1228,28.36494,41.45676,8.39206,13.25309,3.37997,small,-23.47745,NA,-23.47745,0
122,19,7,2,107962,Mixture,Fish,Onki,126,900226000687597,641,178.09487,27.78391,53.56066,8.3558,12.98798,3.32511,double tinned,-21.39577,NA,-21.39577,0
114,5,7,2,107948,Mixture,Fish,Onki,128,900226000684690,651,193.20507,29.6782,57.94737,8.90129,12.17074,3.33415,large,-22.51452,NA,-22.51452,0
113,3,7,2,107945,Mixture,Fish,Onki,130,900226000683828,734,204.44207,27.85314,62.80913,8.5571,12.27111,3.25497,large,-24.01326,NA,-24.01326,0
119,13,7,2,107956,Mixture,Fish,Onki,132,900226000645173,312,89.61688,28.72336,26.82576,8.598,12.25081,3.3407,small,-24.21894,NA,-24.21894,0
124,J110,7,2,107974,Mixture,Fish,Onki,139,900226000647100,401,46.7721,11.66386,13.64713,3.40328,10.76427,3.42725,small,-20.11003,NA,-20.11003,0
134,53,7,3,108033,Mixture,Fish,Onki,148,900226000684665,760,242.51895,31.91039,71.91128,9.46201,13.39153,3.37247,large,-21.819,NA,-21.819,0
97,1,7,1,107847,Mixture,Fish,Onki,152,900226000689492,654,200.76263,30.69765,59.80091,9.14387,12.35101,3.35718,double tinned,-23.06208,NA,-23.06208,0
120,14,7,2,107957,Mixture,Fish,Onki,153,900226000686577,355,104.81363,29.52497,31.40203,8.84564,11.78979,3.3378,small,-22.25244,NA,-22.25244,0
117,11,7,2,107954,Mixture,Fish,Onki,155,900226000720367,401,197.45836,49.24149,55.80102,13.91547,11.96054,3.53862,small,NA,-22.7902662,-22.7902662,-0.1832338
115,9,7,2,107952,Mixture,Fish,Onki,155,900226000684959,692,223.65693,32.32037,66.73775,9.64418,13.2786,3.35128,large,-22.07309,NA,-22.07309,0
128,32,7,3,107994,Mixture,Fish,Onki,156,900226000689757,574,207.95384,36.22889,60.27471,10.50082,13.72576,3.4501,small,-22.5738,NA,-22.5738,0
130,41,7,3,108003,Mixture,Fish,Onki,158,900226000692358,684,185.80907,27.16507,56.54214,8.26639,13.22892,3.28621,large,-21.371,NA,-21.371,0
129,37,7,3,107999,Mixture,Fish,Onki,159,900226000683209,683,249.10163,36.47169,70.84651,10.37284,12.9092,3.51607,large,NA,-22.4014207,-22.4014207,-0.1609093
133,47,7,3,108009,Mixture,Fish,Onki,160,900226000540941,704,204.37064,29.02992,59.80872,8.49556,12.77192,3.41707,large,-21.44123,NA,-21.44123,0
116,10,7,2,107953,Mixture,Fish,Onki,161,900226000688061,641,197.14141,30.75529,58.93096,9.1936,13.31921,3.34529,double tinned,-22.09819,NA,-22.09819,0
118,12,7,2,107955,Mixture,Fish,Onki,162,900226000690877,616,179.48463,29.13712,53.96647,8.76079,13.5948,3.32585,large,-21.12865,NA,-21.12865,0
132,44,7,3,108006,Mixture,Fish,Onki,162,900226000687636,624,161.35665,25.85844,50.94421,8.16414,13.14436,3.16732,large,-20.98937,NA,-20.98937,0
123,23,7,2,107967,Mixture,Fish,Onki,164,900226000689727,329,135.28034,41.11864,38.55201,11.71794,12.40192,3.50903,small,NA,-23.5053803,-23.5053803,-0.1539397
131,42,7,3,108004,Mixture,Fish,Onki,164,900226000688041,623,174.50057,28.00972,53.81944,8.63875,13.21029,3.24233,large,-22.06081,NA,-22.06081,0
111,2,7,1,107888,Mixture,Fish,Onki,166,900226000691656,630,188.60275,29.93694,56.40186,8.95268,12.49636,3.34391,large,-22.48184,NA,-22.48184,0
135,61,7,4,108047,Mixture,Fish,Onki,166,900226000534860,560,193.94417,34.63289,56.09942,10.01775,12.38924,3.45715,small,-22.97906,NA,-22.97906,0
126,J112,7,2,107979,Mixture,Fish,Onki,170,900226000684551,706,277.94912,39.36956,79.13792,11.20934,12.40049,3.51221,large,NA,-21.1185221,-21.1185221,-0.1570879
121,16,7,2,107959,Mixture,Fish,Onki,174,900226000532550,577,181.65872,31.48331,54.22971,9.39856,13.64603,3.3498,large,-23.18223,NA,-23.18223,0
180,51,7,3,108016,Mixture,Fish,Onmy,138,900226000688172,791,264.38109,33.42365,77.50957,9.79893,11.48022,3.41095,large,-23.05266,NA,-23.05266,0
187,56,7,4,108042,Mixture,Fish,Onmy,143,900226000688024,640,211.1939,32.99905,63.3279,9.89498,11.29287,3.33493,double tinned,-25.31241,NA,-25.31241,0
159,20,7,2,107964,Mixture,Fish,Onmy,144,900226000536382,407,147.16162,36.15765,40.72241,10.00551,11.95582,3.61377,small,NA,-22.9872077,-22.9872077,-0.2576323
168,34,7,3,107996,Mixture,Fish,Onmy,144,900226000688227,746,246.42816,33.03327,71.77576,9.62142,11.92823,3.43331,large,-22.91709,NA,-22.91709,0
170,36,7,3,107998,Mixture,Fish,Onmy,146,900226000688247,628,236.49515,37.65846,67.53958,10.75471,11.55652,3.50158,large,NA,-23.3139958,-23.3139958,-0.1465642
166,31,7,3,107993,Mixture,Fish,Onmy,146,900226000688215,679,254.52963,37.48595,72.08133,10.61581,12.19596,3.53114,double tinned,NA,-22.7301414,-22.7301414,-0.1758286
195,65,7,4,108051,Mixture,Fish,Onmy,153,900226000688011,533,199.20499,37.37429,57.39327,10.76797,12.30454,3.47088,small,-23.53921,NA,-23.53921,0
197,67,7,4,108053,Mixture,Fish,Onmy,154,900226000688058,336,113.57817,33.80303,34.03635,10.12987,12.35936,3.33697,small,-22.28665,NA,-22.28665,0
163,25,7,2,107969,Mixture,Fish,Onmy,155,900226000688908,667,260.17476,39.00671,74.17783,11.12111,12.00153,3.50745,large,NA,-22.5219345,-22.5219345,-0.1523755
160,21,7,2,107965,Mixture,Fish,Onmy,156,900226000536356,759,232.26295,30.60118,71.33836,9.39899,11.50812,3.25579,large,-23.00949,NA,-23.00949,0
176,46,7,3,108008,Mixture,Fish,Onmy,156,900226000688125,700,230.96144,32.99449,68.22619,9.7466,11.37102,3.38523,large,-24.45141,NA,-24.45141,0
188,57,7,4,108043,Mixture,Fish,Onmy,156,900226000687685,524,134.57959,25.68313,38.7525,7.39551,11.112,3.4728,small,-25.21585,NA,-25.21585,0
164,28,7,2,107975,Mixture,Fish,Onmy,158,900226000688202,635,223.14724,35.1413,63.19806,9.95245,11.92776,3.53092,large,NA,-23.5978392,-23.5978392,-0.1756108
167,33,7,3,107995,Mixture,Fish,Onmy,158,900226000536407,448,149.82863,33.44389,44.29624,9.88755,11.89476,3.38242,small,-22.45075,NA,-22.45075,0
185,54,7,4,108040,Mixture,Fish,Onmy,160,900226000688756,657,282.34915,42.97552,78.73636,11.98423,12.15121,3.58601,large,NA,-23.0438701,-23.0438701,-0.2301499
171,38,7,3,108000,Mixture,Fish,Onmy,161,900226000536276,790,300.87532,38.08548,84.73228,10.72561,12.65341,3.55089,large,NA,-23.2044889,-23.2044889,-0.1953811
174,43,7,3,108005,Mixture,Fish,Onmy,163,900226000688070,681,228.13331,33.49975,65.43862,9.6092,12.29939,3.48622,large,-22.86477,NA,-22.86477,0
155,7,7,2,107950,Mixture,Fish,Onmy,164,900226000534992,332,136.18503,41.01959,39.68967,11.95472,14.15114,3.43125,small,-21.93146,NA,-21.93146,0
162,24,7,2,107968,Mixture,Fish,Onmy,164,900226000536272,692,276.50911,39.95796,76.4789,11.05186,12.14256,3.6155,large,NA,-21.501645,-21.501645,-0.259345
194,64,7,4,108050,Mixture,Fish,Onmy,164,900226000688013,584,211.64582,36.24072,60.5125,10.36173,11.54394,3.49756,small,-25.54639,NA,-25.54639,0
191,60,7,4,108046,Mixture,Fish,Onmy,169,900226000688203,770,260.01019,33.76756,75.89036,9.85589,12.18057,3.42613,large,-22.02433,NA,-22.02433,0
190,59,7,4,108045,Mixture,Fish,Onmy,178,900226000688183,548,207.48319,37.8619,58.50295,10.67572,11.98438,3.54654,small,NA,-22.5992454,-22.5992454,-0.1910746
173,40,7,3,108002,Mixture,Fish,Onmy,182,900226000687739,751,321.15476,42.76362,89.10458,11.86479,12.50705,3.60425,large,NA,-22.6404925,-22.6404925,-0.2482075
192,62,7,4,108048,Mixture,Fish,Onmy,182,900226000687708,704,288.5947,40.99357,80.25535,11.39991,11.68304,3.59596,large,NA,-24.2371996,-24.2371996,-0.2400004
196,66,7,4,108052,Mixture,Fish,Onmy,186,900226000534840,625,210.34449,33.65512,59.80517,9.56883,11.82719,3.51716,large,NA,-23.6702316,-23.6702316,-0.1619884
186,55,7,4,108041,Mixture,Fish,Onmy,189,900226000688873,656,263.28234,40.1345,74.1821,11.30825,12.56825,3.54914,large,NA,-22.4398614,-22.4398614,-0.1936486
154,6,7,2,107949,Mixture,Fish,Onmy,190,900226000536461,157,81.42895,51.86557,23.62528,15.04795,11.70208,3.44669,very small,-23.84542,NA,-23.84542,0
172,39,7,3,108001,Mixture,Fish,Onmy,190,900226000687719,507,197.24918,38.90516,57.13683,11.26959,12.48882,3.45222,small,-22.4295,NA,-22.4295,0
169,35,7,3,107997,Mixture,Fish,Onmy,193,900226000688843,762,279.42829,36.67038,77.54827,10.17694,12.23906,3.60328,large,NA,-23.0015828,-23.0015828,-0.2472472
189,58,7,4,108044,Mixture,Fish,Onmy,195,900226000688124,648,254.92172,39.33977,72.4905,11.18681,12.28403,3.51662,large,NA,-22.4815762,-22.4815762,-0.1614538
175,45,7,3,108007,Mixture,Fish,Onmy,198,900226000101892,710,286.09579,40.29518,81.76819,11.51665,12.49273,3.49886,large,-22.70162,NA,-22.70162,0
157,15,7,2,107958,Mixture,Fish,Onmy,200,900226000536482,761,272.02172,35.7453,76.59428,10.06495,13.03789,3.55146,large,NA,-21.0058046,-21.0058046,-0.1959454
177,48,7,3,108010,Mixture,Fish,Onmy,200,900226000688233,730,300.49236,41.16334,82.86304,11.3511,12.04738,3.62637,large,NA,-21.9004237,-21.9004237,-0.2701063
193,63,7,4,108049,Mixture,Fish,Onmy,201,900226000688115,638,235.25053,36.87312,67.86995,10.63792,12.00046,3.4662,large,-23.96867,NA,-23.96867,0
165,30,7,2,107978,Mixture,Fish,Onmy,205,900226000688137,669,242.03808,36.17909,67.50693,10.09072,13.06575,3.58538,large,NA,-21.2434438,-21.2434438,-0.2295262
156,8,7,2,107951,Mixture,Fish,Onmy,212,900226000536271,705,244.73123,34.71365,72.60686,10.29884,13.01527,3.37064,large,-20.10508,NA,-20.10508,0
161,22,7,2,107966,Mixture,Fish,Onmy,218,900226000534882,627,256.9963,40.98825,71.76393,11.4456,12.56728,3.58113,large,NA,-21.2670213,-21.2670213,-0.2253187
181,52,7,3,108017,Mixture,Fish,Onmy,335,900226000688148,650,208.125,32.01923,63.49224,9.76804,12.85481,3.27796,large,-20.37016,NA,-20.37016,0
203,28,8,2,121333,Mixture,Fish,Onki,154,900226000684959,664,194.22938,29.25141,58.07117,8.74566,13.91977,3.34468,large,-22.63904,NA,-22.63904,0
204,30,8,3,121335,Mixture,Fish,Onki,155,900226000690894,666,191.31605,28.72613,58.07694,8.72026,13.58996,3.29418,large,-22.45879,NA,-22.45879,0
202,A8,8,2,121332,Mixture,Fish,Onki,158,900226000648982,725,219.31595,30.25048,65.26106,9.00153,13.49057,3.36059,large,-22.19588,NA,-22.19588,0
201,4,8,2,121299,Mixture,Fish,Onki,168,900226000646421,630,192.3457,30.53106,58.6511,9.3097,12.95489,3.27949,large,-24.37217,NA,-24.37217,0
205,43,8,3,121355,Mixture,Fish,Onki,173,900226000645601,739,193.27697,26.15385,59.52891,8.05533,12.76992,3.24678,double tinned,-22.32654,NA,-22.32654,0
240,42,8,3,121354,Mixture,Fish,Onmy,135,900226000688201,786,243.74802,31.0112,73.48385,9.34909,11.34786,3.31703,large,-23.58569,NA,-23.58569,0
207,2,8,2,121297,Mixture,Fish,Onmy,145,900226000534383,796,237.18704,29.79737,71.81333,9.02177,10.5362,3.30283,large,-25.77122,NA,-25.77122,0
233,34,8,3,121342,Mixture,Fish,Onmy,147,900226000536469,665,217.10502,32.64737,64.86002,9.75339,11.97258,3.34729,large,-24.11091,NA,-24.11091,0
230,31,8,3,121336,Mixture,Fish,Onmy,149,900226000536306,637,238.83926,37.49439,70.91026,11.13191,10.85634,3.36819,large,-25.75057,NA,-25.75057,0
251,54,8,4,121384,Mixture,Fish,Onmy,156,900226000536393,646,208.62044,32.29419,63.05678,9.76111,12.47805,3.30845,large,-23.5231,NA,-23.5231,0
239,41,8,3,121353,Mixture,Fish,Onmy,157,900226000536339,666,218.26237,32.77213,65.70538,9.86567,11.8437,3.32183,large,-24.76637,NA,-24.76637,0
241,44,8,3,121356,Mixture,Fish,Onmy,158,900226000534293,719,235.28739,32.72425,70.8439,9.85312,11.69004,3.32121,large,-24.26998,NA,-24.26998,0
249,52,8,4,121379,Mixture,Fish,Onmy,158,900226000536382,746,202.259,27.11247,60.33893,8.08833,11.93801,3.35205,large,-23.11647,NA,-23.11647,0
206,1,8,2,121296,Mixture,Fish,Onmy,160,900226000688998,746,233.60325,31.31411,65.08507,8.72454,10.84197,3.5892,large,NA,-23.187352,-23.187352,-0.233308
236,38,8,3,121350,Mixture,Fish,Onmy,160,900226000536359,621,197.2784,31.76786,60.62457,9.76241,12.32567,3.2541,large,-23.32626,NA,-23.32626,0
223,19,8,2,121317,Mixture,Fish,Onmy,164,900226000534991,629,198.12447,31.49833,60.36778,9.59742,12.373,3.28196,large,-23.31777,NA,-23.31777,0
247,50,8,4,121375,Mixture,Fish,Onmy,164,900226000688202,758,244.1072,32.20412,75.72853,9.99057,12.19023,3.22345,large,-23.27056,NA,-23.27056,0
222,18,8,2,121316,Mixture,Fish,Onmy,165,900226000536345,646,188.41869,29.16698,56.78438,8.79015,11.66447,3.31814,large,-24.23659,NA,-24.23659,0
232,33,8,3,121338,Mixture,Fish,Onmy,165,900226000688243,692,227.65686,32.89839,69.12722,9.98948,12.08391,3.2933,large,-22.78215,NA,-22.78215,0
210,6,8,2,121301,Mixture,Fish,Onmy,166,900226000688959,190,77.80585,40.95045,22.90301,12.05422,12.34509,3.39719,small,-24.87078,NA,-24.87078,0
218,14,8,2,121310,Mixture,Fish,Onmy,168,900226000688754,611,220.93624,36.15978,66.26511,10.84535,12.27523,3.33413,large,-24.10413,NA,-24.10413,0
252,55,8,4,121385,Mixture,Fish,Onmy,168,900226000534967,189,53.99953,28.57118,17.31572,9.16176,12.37899,3.11853,small,-22.3122,NA,-22.3122,0
209,5,8,2,121300,Mixture,Fish,Onmy,170,900226000534377,676,226.75492,33.54363,69.43016,10.27073,11.36525,3.26594,large,-24.60554,NA,-24.60554,0
243,47,8,3,121362,Mixture,Fish,Onmy,170,900226000536294,740,238.34439,32.2087,71.51904,9.66473,12.30386,3.3326,large,-22.71576,NA,-22.71576,0
228,24,8,2,121324,Mixture,Fish,Onmy,172,900226000534298,626,228.19962,36.45361,67.65865,10.80809,12.14099,3.37281,large,-24.09392,NA,-24.09392,0
220,16,8,2,121312,Mixture,Fish,Onmy,172,900226000534364,700,191.88276,27.41182,59.90615,8.55802,12.86254,3.20306,large,-22.94945,NA,-22.94945,0
212,8,8,2,121303,Mixture,Fish,Onmy,174,900226000534994,706,229.89973,32.5637,70.97374,10.05294,12.35629,3.23922,large,-23.5322,NA,-23.5322,0
216,12,8,2,121308,Mixture,Fish,Onmy,176,900226000534472,727,252.09691,34.67633,73.75794,10.14552,12.21036,3.4179,large,-24.33367,NA,-24.33367,0
221,17,8,2,121315,Mixture,Fish,Onmy,176,900226000536358,684,239.06275,34.95069,73.94548,10.81074,12.74928,3.23296,large,-23.55748,NA,-23.55748,0
231,32,8,3,121337,Mixture,Fish,Onmy,178,900226000688182,702,269.48111,38.38762,81.68933,11.63666,12.43968,3.29885,large,-24.10898,NA,-24.10898,0
235,37,8,3,121349,Mixture,Fish,Onmy,179,900226000688760,643,227.19392,35.33342,67.27204,10.46221,12.72447,3.37724,large,-22.86735,NA,-22.86735,0
244,48,8,4,121368,Mixture,Fish,Onmy,180,900226000536465,632,225.73326,35.71729,68.71463,10.87257,12.76758,3.28508,large,-23.78899,NA,-23.78899,0
215,11,8,2,121307,Mixture,Fish,Onmy,184,900226000534945,185,66.28275,35.82851,19.71522,10.65688,12.87883,3.36201,small,-23.97088,NA,-23.97088,0
225,21,8,2,121320,Mixture,Fish,Onmy,184,900226000536255,656,209.01953,31.86273,63.3251,9.65322,12.41871,3.30074,large,-23.12289,NA,-23.12289,0
248,51,8,4,121376,Mixture,Fish,Onmy,184,900226000687506,127,46.87543,36.90979,14.22611,11.20166,12.3321,3.29503,small,-23.36476,NA,-23.36476,0
226,22,8,2,121321,Mixture,Fish,Onmy,186,900226000687736,683,232.30223,34.01204,70.58424,10.33444,12.14511,3.29113,large,-23.16919,NA,-23.16919,0
246,49,8,4,121373,Mixture,Fish,Onmy,186,900226000688819,662,247.01255,37.31307,73.26746,11.06759,11.878,3.37138,large,-24.56849,NA,-24.56849,0
213,9,8,2,121304,Mixture,Fish,Onmy,189,900226000534388,672,246.3341,36.65686,76.77874,11.42541,12.71564,3.20836,large,-22.43773,NA,-22.43773,0
242,45,8,3,121357,Mixture,Fish,Onmy,189,900226000688884,757,275.44346,36.38619,83.14923,10.98405,12.28875,3.31264,large,-23.2272,NA,-23.2272,0
245,A26,8,4,121371,Mixture,Fish,Onmy,191,900226000687739,727,272.0193,37.41669,79.30039,10.90789,12.72835,3.43024,large,-23.32621,NA,-23.32621,0
219,15,8,2,121311,Mixture,Fish,Onmy,192,900226000536400,752,253.90876,33.76446,76.90568,10.22682,12.70756,3.30156,large,-23.50204,NA,-23.50204,0
217,13,8,2,121309,Mixture,Fish,Onmy,193,900226000534286,692,245.16877,35.42901,75.46597,10.90549,12.64322,3.24873,large,-22.55116,NA,-22.55116,0
211,7,8,2,121302,Mixture,Fish,Onmy,198,900226000687498,748,264.49253,35.35996,79.56006,10.63637,12.95062,3.32444,large,-22.62254,NA,-22.62254,0
208,3,8,2,121298,Mixture,Fish,Onmy,200,900226000534330,639,253.62142,39.69036,74.72737,11.69442,12.41921,3.39396,large,-23.18014,NA,-23.18014,0
229,25,8,2,121325,Mixture,Fish,Onmy,202,900226000536482,629,198.74704,31.5973,59.43298,9.4488,12.85194,3.34405,large,-22.36442,NA,-22.36442,0
227,23,8,2,121322,Mixture,Fish,Onmy,202,900226000687582,733,226.284,30.87094,70.8064,9.65981,12.54077,3.19581,large,-22.15075,NA,-22.15075,0
237,39,8,3,121351,Mixture,Fish,Onmy,203,900226000688404,651,218.49384,33.5628,66.48438,10.21265,13.19904,3.28639,large,-23.09326,NA,-23.09326,0
238,40,8,3,121352,Mixture,Fish,Onmy,204,900226000688888,601,242.20755,40.30076,70.33611,11.70318,11.84667,3.44357,large,-24.12127,NA,-24.12127,0
224,20,8,2,121319,Mixture,Fish,Onmy,208,900226000534884,604,213.64893,35.37234,62.98753,10.4284,12.91709,3.39192,large,-21.95458,NA,-21.95458,0
234,35,8,3,121347,Mixture,Fish,Onmy,211,900226000536421,654,221.69451,33.89824,66.21895,10.12522,13.73838,3.3479,large,-22.56379,NA,-22.56379,0
214,10,8,2,121305,Mixture,Fish,Onmy,222,900226000534777,742,297.68854,40.11975,86.95768,11.71936,12.67173,3.42337,large,-23.65218,NA,-23.65218,0
250,53,8,4,121380,Mixture,Fish,Onmy,232,900226000688923,625,202.48135,32.39702,63.84493,10.21519,12.85249,3.17146,double tinned,-21.1711,NA,-21.1711,0
260,22,9,2,121458,Mixture,Fish,Onki,152,900226000691908,666,212.13565,31.8522,61.61234,9.2511,13.18507,3.44307,large,-24.68299,NA,-24.68299,0
258,16,9,2,121448,Mixture,Fish,Onki,154,900226000691780,670,237.9054,35.50827,65.99967,9.8507,12.62717,3.60465,large,NA,-24.0873365,-24.0873365,-0.2486035
267,50,9,4,121526,Mixture,Fish,Onki,155,900226000689906,407,132.07992,32.45207,40.69444,9.99863,13.02951,3.24565,small,-23.76849,NA,-23.76849,0
255,8,9,2,121438,Mixture,Fish,Onki,157,900226000534919,673,194.87679,28.95643,59.79191,8.88439,12.05045,3.25925,double tinned,-26.62655,NA,-26.62655,0
257,13,9,2,121444,Mixture,Fish,Onki,158,900226000690861,701,201.42092,28.73337,60.25238,8.5952,13.00257,3.34295,large,-23.19893,NA,-23.19893,0
263,26,9,2,121478,Mixture,Fish,Onki,160,900226000689757,344,119.63909,34.7788,35.53536,10.33005,12.40559,3.36676,small,-25.79866,NA,-25.79866,0
259,21,9,2,121457,Mixture,Fish,Onki,161,900226000536375,607,217.82857,35.88609,60.08941,9.89941,12.45011,3.62507,large,NA,-24.9066907,-24.9066907,-0.2688193
264,41,9,4,121508,Mixture,Fish,Onki,163,900226000690274,657,180.42458,27.46188,53.94287,8.21048,13.77954,3.34473,large,-23.01583,NA,-23.01583,0
261,23,9,2,121461,Mixture,Fish,Onki,164,900226000681245,789,262.27775,33.24179,76.83925,9.73882,12.65811,3.41333,large,-24.7709,NA,-24.7709,0
266,45,9,4,121521,Mixture,Fish,Onki,164,900226000536431,341,124.57568,36.53246,36.71497,10.76685,12.49425,3.39305,small,-27.4981,NA,-27.4981,0
254,6,9,2,121435,Mixture,Fish,Onki,167,900226000648565,330,113.97038,34.53648,35.09008,10.63336,14.25065,3.24794,small,-24.02471,NA,-24.02471,0
256,12,9,2,121443,Mixture,Fish,Onki,173,900226000687653,345,88.99458,25.79553,27.306,7.91478,13.29158,3.25916,small,-22.75377,NA,-22.75377,0
265,43,9,4,121518,Mixture,Fish,Onki,175,900226000646421,322,102.18845,31.73554,30.23407,9.38946,12.72386,3.37991,small,-26.5378,NA,-26.5378,0
262,25,9,2,121467,Mixture,Fish,Onki,180,900226000536350,485,179.4168,36.99315,53.36485,11.00306,12.24046,3.36208,small,-25.33408,NA,-25.33408,0
286,S6,9,2,121455,Mixture,Fish,Onmy,117,900226000536299,346,134.00958,38.73109,39.51715,11.42114,9.72887,3.39118,small,-27.64813,NA,-27.64813,0
334,S33,9,3 - redo,121529,Mixture,Fish,Onmy,117,900226000536274,355,124.96789,35.20222,35.8967,10.11175,9.23527,3.48132,small,-29.63813,NA,-29.63813,0
306,S16,9,4,121497,Mixture,Fish,Onmy,118,900226000536342,304,116.52234,38.32972,34.35574,11.30123,9.65759,3.39164,small,-29.06793,NA,-29.06793,0
322,S26,9,4,121514,Mixture,Fish,Onmy,119,900226000536369,77,31.97433,41.52511,8.12035,10.54591,9.11675,3.93755,very small,NA,-28.0968655,-28.0968655,-0.5781745
315,S20,9,4,121506,Mixture,Fish,Onmy,122,900226000536456,235,95.05659,40.44961,28.04713,11.93495,9.87898,3.38917,very small,-28.50513,NA,-28.50513,0
335,S34,9,3 - redo,121530,Mixture,Fish,Onmy,124,900226000536475,244,100.74814,41.29022,30.12758,12.34737,9.39742,3.34405,very small,-27.55177,NA,-27.55177,0
321,S25,9,4,121513,Mixture,Fish,Onmy,125,900226000536357,272,104.84788,38.54702,30.71827,11.29348,8.97828,3.41321,very small,-28.7277,NA,-28.7277,0
320,S24,9,4,121512,Mixture,Fish,Onmy,125,900226000536268,126,54.18511,43.00405,16.40657,13.02109,9.65907,3.30265,very small,-27.17253,NA,-27.17253,0
277,S3,9,2,121445,Mixture,Fish,Onmy,126,900226000536383,450,183.88274,40.86283,53.50939,11.89098,9.67413,3.43646,small,-25.93063,NA,-25.93063,0
323,S27,9,4,121515,Mixture,Fish,Onmy,126,900226000536381,394,138.60103,35.18686,40.21886,10.21042,10.04552,3.44617,small,-28.91356,NA,-28.91356,0
340,S35,9,3 - redo,121535,Mixture,Fish,Onmy,126,900226000536372,186,68.6201,36.89253,20.03846,10.77337,9.57998,3.42442,very small,-28.63752,NA,-28.63752,0
280,S4,9,2,121449,Mixture,Fish,Onmy,127,900226000536259,771,276.66467,35.88387,78.83299,10.22477,11.05959,3.5095,large,NA,-26.123435,-26.123435,-0.154405
317,S22,9,4,121509,Mixture,Fish,Onmy,127,900226000536289,199,79.28746,39.84294,23.95739,12.03889,9.77881,3.30952,very small,-27.46785,NA,-27.46785,0
325,S29,9,4,121517,Mixture,Fish,Onmy,128,900226000536256,147,60.25456,40.9895,18.37553,12.50036,9.48779,3.27907,very small,-27.6614,NA,-27.6614,0
284,S5,9,2,121453,Mixture,Fish,Onmy,129,900226000536438,632,246.44585,38.9946,67.86927,10.73881,10.57659,3.63118,large,NA,-25.3078218,-25.3078218,-0.2748682
308,S17,9,4,121499,Mixture,Fish,Onmy,132,900226000536347,520,199.69656,38.40318,58.53326,11.2564,8.94671,3.41168,small,-29.8395,NA,-29.8395,0
288,S8,9,2,121462,Mixture,Fish,Onmy,134,900226000536313,268,99.19069,37.01145,29.76463,11.1062,10.60151,3.3325,very small,-25.64922,NA,-25.64922,0
302,33,9,3,121493,Mixture,Fish,Onmy,135,900226000536321,235,90.92822,38.69286,25.52781,10.8629,10.17266,3.56193,very small,NA,-29.8064193,-29.8064193,-0.2063107
312,S19,9,4,121503,Mixture,Fish,Onmy,135,900226000536490,615,234.01959,38.05197,68.86949,11.19829,10.14472,3.39802,large,-27.37811,NA,-27.37811,0
289,24,9,2,121463,Mixture,Fish,Onmy,139,900226000536422,316,124.33512,39.34656,37.2092,11.77506,9.52124,3.34152,small,-27.15397,NA,-27.15397,0
331,49,9,4,121525,Mixture,Fish,Onmy,139,900226000536484,215,84.10867,39.12031,25.09607,11.67259,8.67223,3.35147,very small,-28.61207,NA,-28.61207,0
287,S7,9,2,121456,Mixture,Fish,Onmy,140,900226000536418,645,259.66359,40.25792,72.93566,11.30785,11.39525,3.56017,large,NA,-25.8355317,-25.8355317,-0.2045683
332,S31,9,4,121527,Mixture,Fish,Onmy,143,900226000536304,261,94.08891,36.04939,28.79201,11.03142,10.66679,3.26788,very small,-27.75385,NA,-27.75385,0
314,40,9,4,121505,Mixture,Fish,Onmy,143,900226000536349,736,283.37717,38.50233,82.41618,11.19785,10.60069,3.43837,large,-27.61725,NA,-27.61725,0
278,14,9,2,121446,Mixture,Fish,Onmy,155,900226000536477,757,305.94165,40.41501,85.95075,11.35413,10.58071,3.5595,large,NA,-25.997265,-25.997265,-0.203905
285,20,9,2,121454,Mixture,Fish,Onmy,162,900226000534336,225,92.01041,40.89352,27.65571,12.29143,10.76009,3.327,very small,-25.23367,NA,-25.23367,0
326,44,9,4,121519,Mixture,Fish,Onmy,164,900226000534936,136,42.43556,31.20261,5.39703,3.9684,9.37367,7.86277,very small,NA,-26.3622677,-26.3622677,-4.4641423
298,30,9,3,121489,Mixture,Fish,Onmy,167,900226000536445,657,229.20925,34.88725,67.03673,10.20346,10.7228,3.41916,large,-25.69292,NA,-25.69292,0
297,29,9,3,121488,Mixture,Fish,Onmy,171,900226000536339,462,172.44595,37.32596,51.25972,11.09518,10.4656,3.36416,small,-26.83283,NA,-26.83283,0
310,38,9,4,121501,Mixture,Fish,Onmy,175,900226000688058,699,232.17535,33.21536,70.42911,10.07569,11.14169,3.29658,double tinned,-25.0036,NA,-25.0036,0
339,54,9,3 - redo,121534,Mixture,Fish,Onmy,181,900226000536424,790,272.44552,34.48677,83.3552,10.55129,10.38857,3.26849,large,-25.12107,NA,-25.12107,0
281,17,9,2,121450,Mixture,Fish,Onmy,182,900226000536294,782,277.28724,35.45873,80.03034,10.23406,11.55791,3.46478,large,-23.40166,NA,-23.40166,0
275,11,9,2,121441,Mixture,Fish,Onmy,184,900226000534994,723,251.92131,34.84389,73.87335,10.21761,11.54702,3.41018,large,-24.64073,NA,-24.64073,0
313,39,9,4,121504,Mixture,Fish,Onmy,185,900226000536264,690,253.1732,36.69177,72.89012,10.56379,10.43969,3.47335,large,-27.21264,NA,-27.21264,0
270,4,9,2,121433,Mixture,Fish,Onmy,186,900226000688959,731,265.37851,36.30349,76.57389,10.47522,10.91041,3.46565,large,-24.41526,NA,-24.41526,0
330,48,9,4,121524,Mixture,Fish,Onmy,187,900226000688202,404,159.44557,39.46673,47.84442,11.84268,10.14759,3.33258,small,-28.31809,NA,-28.31809,0
328,46,9,4,121522,Mixture,Fish,Onmy,188,900226000687503,761,245.72027,32.28913,74.29627,9.76298,11.64876,3.3073,large,-25.72604,NA,-25.72604,0
268,2,9,2,121431,Mixture,Fish,Onmy,190,900226000647787,753,302.71703,40.20146,86.32871,11.46464,11.42495,3.50656,large,NA,-24.7684456,-24.7684456,-0.1514944
305,35,9,3,121496,Mixture,Fish,Onmy,191,900226000536298,682,208.99241,30.64405,61.01889,8.94705,10.76439,3.42504,large,-24.27342,NA,-24.27342,0
283,19,9,2,121452,Mixture,Fish,Onmy,193,900226000682166,772,263.96574,34.19245,79.68701,10.32215,12.1321,3.31253,large,-23.7627,NA,-23.7627,0
301,32,9,3,121492,Mixture,Fish,Onmy,194,900226000688760,455,148.00879,32.5294,46.54358,10.22936,11.7544,3.18,small,-23.57346,NA,-23.57346,0
336,51,9,3 - redo,121531,Mixture,Fish,Onmy,194,900226000687561,518,207.23741,40.00722,61.53359,11.87907,10.80863,3.36787,small,-26.30594,NA,-26.30594,0
309,37,9,4,121500,Mixture,Fish,Onmy,196,900226000688203,798,286.05073,35.84596,82.10396,10.28872,10.5808,3.48401,large,-26.95959,NA,-26.95959,0
274,10,9,2,121440,Mixture,Fish,Onmy,200,900226000536448,772,288.82882,37.41306,84.15616,10.90106,11.44688,3.43206,large,-24.27846,NA,-24.27846,0
303,34,9,3,121494,Mixture,Fish,Onmy,200,900226000536255,782,277.05457,35.42897,82.26365,10.51965,10.88391,3.36789,large,-25.08185,NA,-25.08185,0
282,18,9,2,121451,Mixture,Fish,Onmy,201,900226000534376,677,261.97829,38.69694,74.36672,10.98474,11.44857,3.52279,large,NA,-23.9797779,-23.9797779,-0.1675621
271,5,9,2,121434,Mixture,Fish,Onmy,203,900226000688776,427,135.35878,31.69995,37.3584,8.74904,11.0387,3.62325,small,NA,-24.2411825,-24.2411825,-0.2670175
329,47,9,4,121523,Mixture,Fish,Onmy,204,900226000536263,507,176.2739,34.76803,54.15282,10.68103,11.2996,3.25512,small,-26.12696,NA,-26.12696,0
337,52,9,3 - redo,121532,Mixture,Fish,Onmy,205,900226000536454,172,70.962,41.25698,21.54483,12.52606,10.92794,3.29369,very small,-26.21141,NA,-26.21141,0
273,9,9,2,121439,Mixture,Fish,Onmy,213,900226000536400,756,268.54428,35.52173,82.57915,10.92317,11.6519,3.25196,double tinned,-23.42531,NA,-23.42531,0
319,42,9,4,121511,Mixture,Fish,Onmy,214,900226000688502,758,306.89724,40.48776,91.63002,12.08839,10.18611,3.34931,large,-26.93789,NA,-26.93789,0
269,3,9,2,121432,Mixture,Fish,Onmy,215,900226000688190,656,334.5721,51.00185,98.18106,14.96663,11.53891,3.40771,large,-23.96497,NA,-23.96497,0
299,31,9,3,121490,Mixture,Fish,Onmy,219,900226000536338,706,247.36673,35.03778,72.78764,10.30986,11.87015,3.39847,large,-24.04549,NA,-24.04549,0
338,53,9,3 - redo,121533,Mixture,Fish,Onmy,219,900226000536483,479,191.87332,40.05706,56.38617,11.77164,10.01674,3.40284,small,-27.49209,NA,-27.49209,0
296,28,9,3,121487,Mixture,Fish,Onmy,221,900226000688404,732,278.29328,38.01821,78.39555,10.70977,11.09404,3.54986,large,NA,-27.5471686,-27.5471686,-0.1943614
307,36,9,4,121498,Mixture,Fish,Onmy,222,900226000688907,617,209.73564,33.99281,60.61373,9.82394,10.72472,3.4602,large,-25.42108,NA,-25.42108,0
341,55,9,3 - redo,121536,Mixture,Fish,Onmy,222,900226000536365,528,187.38033,35.4887,55.72092,10.5532,10.93576,3.36284,small double tinned,-26.76031,NA,-26.76031,0
279,15,9,2,121447,Mixture,Fish,Onmy,230,900226000687501,748,227.82448,30.45782,68.72329,9.18761,11.13722,3.3151,large,-22.26308,NA,-22.26308,0
295,27,9,3,121486,Mixture,Fish,Onmy,236,900226000536406,623,222.8402,35.76889,64.36028,10.3307,12.43278,3.46239,large,-23.89342,NA,-23.89342,0
351,36,10,2,121716,Mixture,Fish,Onki,126,900226000687597,712,206.69563,29.03029,62.15335,8.7294,13.18641,3.32558,large,-24.1305,NA,-24.1305,0
352,38,10,2,121731,Mixture,Fish,Onki,147,900226000645034,696,170.15874,24.44809,54.07395,7.76925,11.98417,3.14678,large,-24.40868,NA,-24.40868,0
355,43,10,3,121761,Mixture,Fish,Onki,149,900226000688767,666,180.47469,27.0983,55.49321,8.33231,12.65472,3.25219,large,-24.35112,NA,-24.35112,0
347,28,10,2,121664,Mixture,Fish,Onki,152,900226000691780,537,163.15847,30.38333,49.59986,9.23647,12.31346,3.28949,small,-26.11662,NA,-26.11662,0
344,18,10,2,121653,Mixture,Fish,Onki,157,900226000534766,650,216.16147,33.25561,63.42603,9.75785,12.67853,3.40809,large,-27.67522,NA,-27.67522,0
345,20,10,2,121655,Mixture,Fish,Onki,158,900226000536375,675,195.41301,28.95008,59.09319,8.75455,12.12023,3.30686,large,-24.95316,NA,-24.95316,0
343,5,10,2,121631,Mixture,Fish,Onki,159,900226000536485,691,219.91374,31.82543,66.66732,9.64795,12.4862,3.29867,large,-26.63063,NA,-26.63063,0
356,46,10,3,121765,Mixture,Fish,Onki,161,900226000690274,680,188.36783,27.70115,57.71325,8.48724,12.8529,3.26386,large,-25.30606,NA,-25.30606,0
346,24,10,2,121660,Mixture,Fish,Onki,162,900226000681245,675,177.85647,26.34911,53.24793,7.88858,12.16231,3.34016,large,-24.29476,NA,-24.29476,0
350,35,10,2,121713,Mixture,Fish,Onki,166,900226000690304,710,228.44022,32.17468,68.86949,9.69993,12.64092,3.317,large,-23.66221,NA,-23.66221,0
353,39,10,2,121734,Mixture,Fish,Onki,171,900226000646190,742,227.03118,30.59719,69.93483,9.42518,12.46552,3.24633,large,-23.66176,NA,-23.66176,0
348,29,10,2,121665,Mixture,Fish,Onki,173,900226000683121,463,151.30334,32.67891,46.00972,9.9373,13.64077,3.28851,small,-22.63589,NA,-22.63589,0
354,42,10,3,121760,Mixture,Fish,Onki,178,900226000690760,613,182.60581,29.78888,56.70053,9.24968,12.98159,3.22053,large,-24.45104,NA,-24.45104,0
349,32,10,2,121681,Mixture,Fish,Onki,179,900226000536350,660,190.17429,28.81429,57.19369,8.66571,12.22774,3.32509,large,-24.76503,NA,-24.76503,0
362,7,10,2,121633,Mixture,Fish,Onmy,114,900226000688700,438,163.4304,37.31288,48.07055,10.97501,9.19146,3.3998,small,-27.37322,NA,-27.37322,0
431,O21,10,4,121847,Mixture,Fish,Onmy,114,900226000536280,419,156.83085,37.4298,45.9934,10.97694,9.42595,3.40986,small,-29.35828,NA,-29.35828,0
391,O11,10,3,121762,Mixture,Fish,Onmy,115,900226000534751,666,227.17148,34.10983,67.1452,10.08186,9.67668,3.38329,large,-28.31573,NA,-28.31573,0
410,O14,10,3,121789,Mixture,Fish,Onmy,116,900226000688170,617,213.5963,34.61852,61.59565,9.98309,10.21711,3.46772,large,-30.35834,NA,-30.35834,0
412,O16,10,3,121802,Mixture,Fish,Onmy,116,900226000688785,420,137.26752,32.68274,42.07688,10.0183,10.05472,3.2623,small,-27.28841,NA,-27.28841,0
372,17,10,2,121643,Mixture,Fish,Onmy,117,900226000688735,609,248.95125,40.87869,69.98726,11.49216,9.89131,3.55709,large,NA,-27.4084609,-27.4084609,-0.2015191
438,O28,10,4,121856,Mixture,Fish,Onmy,117,900226000536302,230,88.42027,38.4436,26.1019,11.34865,8.51833,3.3875,very small,-29.01772,NA,-29.01772,0
358,2,10,2,121628,Mixture,Fish,Onmy,119,900226000688734,402,159.23116,39.60974,46.50861,11.56931,9.79008,3.42369,small,-28.35117,NA,-28.35117,0
368,13,10,2,121639,Mixture,Fish,Onmy,119,900226000536284,670,249.01835,37.16692,74.36538,11.09931,9.83813,3.34858,large,-27.23196,NA,-27.23196,0
364,9,10,2,121635,Mixture,Fish,Onmy,121,900226000534348,799,318.38115,39.84745,92.4189,11.56682,10.12202,3.44498,large,-26.03056,NA,-26.03056,0
436,O26,10,4,121852,Mixture,Fish,Onmy,123,900226000688909,723,234.6659,32.45725,70.05276,9.68918,10.28075,3.34985,large,-26.07129,NA,-26.07129,0
437,O27,10,4,121855,Mixture,Fish,Onmy,124,900226000536497,706,253.85101,35.95623,73.20788,10.36939,9.18687,3.46754,large,-30.76017,NA,-30.76017,0
371,16,10,2,121642,Mixture,Fish,Onmy,126,900226000688598,363,125.22413,34.497,36.58442,10.07835,10.26621,3.42288,small,-27.13955,NA,-27.13955,0
414,62,10,4,121814,Mixture,Fish,Onmy,130,900226000688976,691,225.96795,32.70158,67.1988,9.72486,9.96479,3.36268,large,-28.66517,NA,-28.66517,0
416,O18,10,4,121816,Mixture,Fish,Onmy,131,900226000536354,792,270.90745,34.20549,82.12541,10.36937,10.10627,3.2987,large,-29.72348,NA,-29.72348,0
422,69,10,4,121822,Mixture,Fish,Onmy,132,900226000688799,616,223.98496,36.36119,66.62839,10.8163,9.50695,3.3617,large,-28.25071,NA,-28.25071,0
370,15,10,2,121641,Mixture,Fish,Onmy,134,900226000688100,779,254.65272,32.68969,75.45315,9.6859,10.03594,3.37498,large,-27.03078,NA,-27.03078,0
386,27,10,2,121663,Mixture,Fish,Onmy,135,900226000536278,658,268.45583,40.79876,74.36062,11.30101,9.82709,3.61019,large,NA,-28.3010619,-28.3010619,-0.2540881
413,O17,10,3,121803,Mixture,Fish,Onmy,137,900226000687580,446,177.70154,39.84339,53.47209,11.98926,10.2169,3.32326,small,-28.59137,NA,-28.59137,0
369,14,10,2,121640,Mixture,Fish,Onmy,138,900226000687564,393,147.52768,37.53885,41.91369,10.66506,11.38071,3.5198,small,NA,-24.614138,-24.614138,-0.164602
399,52,10,3,121771,Mixture,Fish,Onmy,141,900226000536321,428,131.86551,30.8097,40.2142,9.39584,10.92809,3.27908,small,-29.74882,NA,-29.74882,0
396,49,10,3,121768,Mixture,Fish,Onmy,143,900226000536374,515,174.69984,33.9223,53.43712,10.37614,10.44215,3.26926,small,-28.20179,NA,-28.20179,0
365,10,10,2,121636,Mixture,Fish,Onmy,145,900226000534404,315,127.3286,40.42178,39.42217,12.51497,10.20527,3.22987,small,-26.42332,NA,-26.42332,0
357,1,10,2,121627,Mixture,Fish,Onmy,147,900226000688713,609,217.3176,35.68434,61.95791,10.17371,10.75202,3.5075,large,NA,-24.788295,-24.788295,-0.152425
390,41,10,3,121759,Mixture,Fish,Onmy,147,900226000534431,746,229.58087,30.77492,70.99539,9.51681,10.36942,3.23374,large,-28.27077,NA,-28.27077,0
420,67,10,4,121820,Mixture,Fish,Onmy,147,900226000536490,546,191.0523,34.99126,57.15781,10.46846,10.60233,3.34254,small,-27.68838,NA,-27.68838,0
402,55,10,3,121774,Mixture,Fish,Onmy,150,900226000536422,757,261.35387,34.52495,78.59574,10.38253,10.07738,3.32529,large,-27.08217,NA,-27.08217,0
385,26,10,2,121662,Mixture,Fish,Onmy,152,900226000688512,773,250.28287,32.37812,76.05753,9.83927,10.91386,3.2907,large,-27.86655,NA,-27.86655,0
366,11,10,2,121637,Mixture,Fish,Onmy,152,900226000536383,617,246.86092,40.00987,71.72469,11.62475,10.25366,3.44178,large,-24.88466,NA,-24.88466,0
393,45,10,3,121764,Mixture,Fish,Onmy,156,900226000536433,611,204.83756,33.52497,63.43556,10.38225,10.39627,3.22907,large,-27.74939,NA,-27.74939,0
425,72,10,4,121825,Mixture,Fish,Onmy,174,900226000688215,776,256.99187,33.11751,79.40953,10.23319,10.99631,3.23629,large,-26.81466,NA,-26.81466,0
394,47,10,3,121766,Mixture,Fish,Onmy,176,900226000687325,637,231.81571,36.39179,70.23989,11.02667,11.07858,3.30034,large,-27.71393,NA,-27.71393,0
423,70,10,4,121823,Mixture,Fish,Onmy,177,900226000688058,697,248.645,35.6736,75.33589,10.80859,10.69655,3.30049,large,-26.97575,NA,-26.97575,0
398,51,10,3,121770,Mixture,Fish,Onmy,180,900226000536382,764,255.42353,33.4324,72.73521,9.52031,10.83978,3.51169,large,NA,-28.2793669,-28.2793669,-0.1565731
424,71,10,4,121824,Mixture,Fish,Onmy,184,900226000687517,635,206.48445,32.51724,62.90436,9.9062,11.26326,3.28251,large,-25.25073,NA,-25.25073,0
383,23,10,2,121659,Mixture,Fish,Onmy,188,900226000688642,709,220.9811,31.168,68.2244,9.62262,10.41973,3.23903,large,-24.88763,NA,-24.88763,0
359,3,10,2,121629,Mixture,Fish,Onmy,189,900226000688532,698,270.30874,38.72618,79.35602,11.36906,10.22781,3.40628,large,-26.46964,NA,-26.46964,0
403,56,10,3,121775,Mixture,Fish,Onmy,192,900226000536356,721,249.49835,34.60449,75.26866,10.43948,11.2501,3.31477,large,-25.3928,NA,-25.3928,0
419,66,10,4,121819,Mixture,Fish,Onmy,195,900226000687685,648,252.90481,39.02852,75.85256,11.70564,10.35381,3.33416,large,-29.18772,NA,-29.18772,0
415,63,10,4,121815,Mixture,Fish,Onmy,199,900226000688518,746,224.14601,30.04638,69.62976,9.33375,11.98399,3.21911,large,-24.7259,NA,-24.7259,0
363,8,10,2,121634,Mixture,Fish,Onmy,200,900226000688525,565,183.62126,32.49934,56.38384,9.97944,11.59169,3.25663,small,-25.29345,NA,-25.29345,0
367,12,10,2,121638,Mixture,Fish,Onmy,202,900226000534376,774,300.59013,38.83593,89.46122,11.5583,11.14503,3.36,large,-24.17424,NA,-24.17424,0
397,50,10,3,121769,Mixture,Fish,Onmy,204,900226000687559,660,270.82487,41.03407,80.29981,12.16664,11.1564,3.37267,large,-24.4585,NA,-24.4585,0
405,58,10,3,121777,Mixture,Fish,Onmy,205,900226000687582,782,305.67262,39.08857,89.59145,11.45671,10.96005,3.41185,large,-26.68637,NA,-26.68637,0
401,54,10,3,121773,Mixture,Fish,Onmy,206,900226000688794,614,217.89051,35.48705,65.4423,10.65836,11.33694,3.32951,large,-27.34348,NA,-27.34348,0
406,59,10,3,121778,Mixture,Fish,Onmy,208,900226000534467,712,242.8504,34.1082,72.89953,10.2387,11.14435,3.3313,large,-26.04277,NA,-26.04277,0
418,65,10,4,121818,Mixture,Fish,Onmy,208,900226000536454,745,299.05206,40.14122,91.56567,12.29069,10.70527,3.26598,large,-27.66458,NA,-27.66458,0
380,19,10,2,121654,Mixture,Fish,Onmy,209,900226000688780,742,214.81102,28.95027,65.34724,8.80691,12.1989,3.28722,large,-24.38275,NA,-24.38275,0
417,64,10,4,121817,Mixture,Fish,Onmy,210,900226000647187,664,195.86047,29.49706,58.76011,8.84941,11.26431,3.33322,double tinned,-28.23096,NA,-28.23096,0
382,22,10,2,121658,Mixture,Fish,Onmy,211,900226000688960,625,207.45434,33.19269,64.25542,10.28087,10.51995,3.22859,large,-27.70614,NA,-27.70614,0
381,21,10,2,121656,Mixture,Fish,Onmy,211,900226000536271,780,282.68039,36.24108,87.27573,11.1892,11.65767,3.23893,large,-25.20142,NA,-25.20142,0
392,44,10,3,121763,Mixture,Fish,Onmy,211,900226000688924,711,272.58488,38.33824,81.44141,11.45449,11.45785,3.34701,large,-26.86603,NA,-26.86603,0
384,25,10,2,121661,Mixture,Fish,Onmy,212,900226000688878,673,233.16905,34.64622,70.97346,10.54583,10.89446,3.2853,large,-24.74115,NA,-24.74115,0
427,74,10,4,121828,Mixture,Fish,Onmy,212,900226000687282,622,221.68132,35.64008,66.67616,10.71964,11.7349,3.32475,large,-26.12618,NA,-26.12618,0
360,4,10,2,121630,Mixture,Fish,Onmy,216,900226000688677,776,278.38102,35.87384,84.79233,10.92685,10.63158,3.28309,large,-25.47051,NA,-25.47051,0
404,57,10,3,121776,Mixture,Fish,Onmy,220,900226000534824,760,262.62355,34.55573,79.97806,10.52343,11.90973,3.28369,large,-24.9268,NA,-24.9268,0
400,53,10,3,121772,Mixture,Fish,Onmy,222,900226000536368,617,208.01176,33.71341,63.50468,10.29249,11.70229,3.27553,large,-24.89288,NA,-24.89288,0
426,73,10,4,121826,Mixture,Fish,Onmy,223,900226000536483,613,186.74119,30.46349,57.90569,9.44628,10.72286,3.22492,large,-26.08213,NA,-26.08213,0
395,48,10,3,121767,Mixture,Fish,Onmy,231,900226000688269,638,250.84029,39.31666,73.51931,11.5234,10.84268,3.4119,large,-25.94237,NA,-25.94237,0
429,76,10,4,121834,Mixture,Fish,Onmy,231,900226000647075,607,214.64865,35.36222,64.32666,10.59747,10.07237,3.33685,large,-26.74287,NA,-26.74287,0
421,68,10,4,121821,Mixture,Fish,Onmy,245,900226000688936,792,321.37691,40.57789,94.082,11.87904,10.73631,3.41592,large,-27.99143,NA,-27.99143,0
407,61,10,3,121781,Mixture,Fish,Onmy,260,900226000534777,671,256.14611,38.17379,75.3044,11.22271,11.88186,3.40148,large,-29.52672,NA,-29.52672,0
443,6,11,2,123606,Mixture,Fish,Onki,152,900226000686695,719,257.04768,35.75072,76.96882,10.70498,11.78035,3.33963,large,-26.84963,NA,-26.84963,0
447,10,11,2,123610,Mixture,Fish,Onki,155,900226000720354,694,231.69249,33.38509,66.60885,9.59782,11.85852,3.4784,large,-28.19102,NA,-28.19102,0
446,9,11,2,123609,Mixture,Fish,Onki,156,900226000691908,677,238.56787,35.23898,69.67276,10.2914,11.91157,3.42412,large,-27.92709,NA,-27.92709,0
453,41,11,3,123731,Mixture,Fish,Onki,159,900226000684883,604,212.20294,35.13294,64.50689,10.67995,12.83142,3.28962,large,-27.61157,NA,-27.61157,0
448,13,11,2,123614,Mixture,Fish,Onki,160,900226000688179,609,215.52139,35.38939,64.15294,10.53414,12.17347,3.35949,large,-26.29427,NA,-26.29427,0
442,5,11,2,123605,Mixture,Fish,Onki,161,900226000690894,362,138.1966,38.17586,39.40995,10.88673,11.25348,3.50664,double tinned,NA,-29.5453064,-29.5453064,-0.1515736
439,1,11,2,123601,Mixture,Fish,Onki,162,900226000684889,752,226.6255,30.13637,65.58476,8.72138,12.16525,3.45546,large,-29.06974,NA,-29.06974,0
450,18,11,2,123619,Mixture,Fish,Onki,171,900226000687644,755,273.23401,36.18994,81.12497,10.74503,12.10952,3.36806,large,-27.16643,NA,-27.16643,0
441,4,11,2,123604,Mixture,Fish,Onki,171,900226000536350,638,174.06105,27.2823,54.0948,8.47881,12.43328,3.2177,large,-25.02473,NA,-25.02473,0
452,33,11,2,123645,Mixture,Fish,Onki,172,900226000648565,582,193.11991,33.18211,60.17986,10.34018,11.74437,3.20905,small,-29.81993,NA,-29.81993,0
451,32,11,2,123634,Mixture,Fish,Onki,172,900226000687664,392,131.15943,33.45904,40.56594,10.34845,12.84205,3.23324,small,-27.72076,NA,-27.72076,0
440,2,11,2,123602,Mixture,Fish,Onki,172,900226000646190,700,202.72455,28.96065,61.73395,8.81914,12.59726,3.28384,large,-24.18859,NA,-24.18859,0
445,8,11,2,123608,Mixture,Fish,Onki,180,900226000690282,608,198.75662,32.69023,59.56902,9.79754,12.18212,3.33658,large,-27.92174,NA,-27.92174,0
449,17,11,2,123618,Mixture,Fish,Onki,180,900226000690760,699,214.53702,30.69199,65.77718,9.41018,12.81396,3.26157,large,-25.69194,NA,-25.69194,0
444,7,11,2,123607,Mixture,Fish,Onki,182,900226000685619,636,226.25815,35.57518,67.03228,10.53967,13.38377,3.37536,large,-25.10429,NA,-25.10429,0
475,N4,11,2,123714,Mixture,Fish,Onmy,120,900226000756301,263,101.09169,38.43791,30.946,11.76654,10.01481,3.26671,very small,-28.67324,NA,-28.67324,0
472,N2,11,2,123682,Mixture,Fish,Onmy,128,900226000756371,227,93.87133,41.35301,28.2464,12.44335,10.65468,3.3233,very small,-28.02624,NA,-28.02624,0
508,N5,11,4,123761,Mixture,Fish,Onmy,129,900226000688810,659,269.93637,40.96151,77.29443,11.72905,10.26342,3.49231,large,-30.44921,NA,-30.44921,0
456,N1,11,2,123612,Mixture,Fish,Onmy,132,900226000756337,521,196.79913,37.77334,58.77379,11.28096,10.96757,3.34842,small,-26.6557,NA,-26.6557,0
465,23,11,2,123624,Mixture,Fish,Onmy,137,900226000756363,495,197.65323,39.92995,59.71547,12.06373,11.08556,3.30992,small,-25.32188,NA,-25.32188,0
466,24,11,2,123625,Mixture,Fish,Onmy,138,900226000756355,123,42.92226,34.89614,12.98343,10.55564,10.56532,3.30592,very small,-27.13212,NA,-27.13212,0
506,69,11,4,123759,Mixture,Fish,Onmy,141,900226000536466,592,219.27875,37.04033,65.56546,11.07525,10.43346,3.34442,small,-29.60565,NA,-29.60565,0
505,68,11,4,123758,Mixture,Fish,Onmy,144,900226000757290,177,74.84416,42.28484,22.61945,12.77935,9.5638,3.30884,very small,-29.6692,NA,-29.6692,0
464,22,11,2,123623,Mixture,Fish,Onmy,153,900226000536353,508,195.22737,38.43059,59.19518,11.65259,10.821,3.29803,small,-25.49938,NA,-25.49938,0
480,43,11,3,123733,Mixture,Fish,Onmy,155,900226000687694,696,264.29855,37.97393,77.44654,11.12738,10.46245,3.41266,large,-29.0893,NA,-29.0893,0
488,51,11,3,123741,Mixture,Fish,Onmy,157,900226000687580,581,237.25032,40.83482,71.4219,12.29293,10.70914,3.32181,small,-29.15287,NA,-29.15287,0
507,70,11,4,123760,Mixture,Fish,Onmy,157,900226000536354,609,240.75289,39.53249,70.4086,11.56135,10.59128,3.41937,large,-29.4016,NA,-29.4016,0
474,37,11,2,123713,Mixture,Fish,Onmy,160,900226000536262,790,283.52932,35.88979,84.23014,10.66204,10.58454,3.36613,large,-27.9443,NA,-27.9443,0
471,36,11,2,123670,Mixture,Fish,Onmy,160,900226000756349,678,257.44346,37.97101,73.90708,10.90075,10.43379,3.48334,large,-27.59645,NA,-27.59645,0
462,20,11,2,123621,Mixture,Fish,Onmy,162,900226000536341,666,254.52586,38.2171,75.99819,11.41114,10.98176,3.3491,large,-26.58084,NA,-26.58084,0
493,56,11,3,123746,Mixture,Fish,Onmy,162,900226000757281,377,146.81633,38.94332,45.53875,12.07924,10.82913,3.22399,small,-29.31828,NA,-29.31828,0
490,53,11,3,123743,Mixture,Fish,Onmy,163,900226000536372,207,84.34343,40.74562,25.41395,12.27727,10.36943,3.31879,very small,-28.74053,NA,-28.74053,0
458,14,11,2,123615,Mixture,Fish,Onmy,164,900226000536296,438,168.92702,38.56781,51.87463,11.84352,11.45577,3.25645,small,-26.08301,NA,-26.08301,0
502,65,11,4,123755,Mixture,Fish,Onmy,164,900226000536456,403,163.95401,40.68338,49.4194,12.26288,9.61111,3.3176,small,-29.98261,NA,-29.98261,0
492,55,11,3,123745,Mixture,Fish,Onmy,165,900226000536472,615,228.22689,37.11006,66.58062,10.82612,10.95622,3.42783,large,-29.42409,NA,-29.42409,0
479,42,11,3,123732,Mixture,Fish,Onmy,165,900226000534431,698,285.50822,40.90376,81.62223,11.69373,10.65633,3.49792,large,-29.31254,NA,-29.31254,0
454,3,11,2,123603,Mixture,Fish,Onmy,169,900226000756392,788,283.3974,35.96414,83.70682,10.62269,11.84205,3.38559,large,-26.86635,NA,-26.86635,0
483,46,11,3,123736,Mixture,Fish,Onmy,171,900226000536422,745,307.91537,41.33092,86.64045,11.62959,11.02186,3.55394,large,NA,-28.6502294,-28.6502294,-0.1984006
509,71,11,4,123762,Mixture,Fish,Onmy,171,900226000536455,662,272.00608,41.08853,78.03283,11.78744,10.42341,3.48579,large,-31.22995,NA,-31.22995,0
484,47,11,3,123737,Mixture,Fish,Onmy,176,900226000536384,639,256.27135,40.10506,74.7952,11.70504,10.6199,3.42631,large,-29.123,NA,-29.123,0
478,40,11,3,123730,Mixture,Fish,Onmy,178,900226000756302,681,256.77368,37.70539,75.14046,11.03384,10.43599,3.41725,large,-29.47676,NA,-29.47676,0
497,60,11,3,123750,Mixture,Fish,Onmy,179,900226000536433,721,285.0211,39.53136,80.16954,11.11921,10.32255,3.55523,large,NA,-28.9930423,-28.9930423,-0.1996777
467,25,11,2,123626,Mixture,Fish,Onmy,182,900226000536452,648,238.4258,36.7941,70.72808,10.91483,11.21788,3.37102,large,-26.48917,NA,-26.48917,0
503,66,11,4,123756,Mixture,Fish,Onmy,182,900226000688224,470,179.0095,38.08713,55.00495,11.70318,11.14972,3.25443,small,-29.16266,NA,-29.16266,0
491,54,11,3,123744,Mixture,Fish,Onmy,183,900226000536413,259,111.31815,42.97998,32.94342,12.71947,11.12271,3.37907,very small,-27.5761,NA,-27.5761,0
496,59,11,3,123749,Mixture,Fish,Onmy,186,900226000688009,535,207.12419,38.7148,62.36205,11.65646,11.52831,3.32132,small,-27.25368,NA,-27.25368,0
481,44,11,3,123734,Mixture,Fish,Onmy,188,900226000534383,660,263.84188,39.97604,77.00357,11.66721,11.59118,3.42636,large,-27.9495,NA,-27.9495,0
500,63,11,3,123753,Mixture,Fish,Onmy,194,900226000536382,693,270.6716,39.05795,79.1229,11.41745,11.27026,3.4209,large,-26.65251,NA,-26.65251,0
494,57,11,3,123747,Mixture,Fish,Onmy,195,900226000687517,709,279.57154,39.43181,83.2139,11.7368,11.02865,3.35967,large,-28.88485,NA,-28.88485,0
504,67,11,4,123757,Mixture,Fish,Onmy,197,900226000536435,430,170.87782,39.73903,51.79078,12.04437,11.07976,3.29939,small,-28.18454,NA,-28.18454,0
485,48,11,3,123738,Mixture,Fish,Onmy,199,900226000534945,629,256.65698,40.80397,75.10138,11.93981,11.76397,3.41747,large,-28.34582,NA,-28.34582,0
489,52,11,3,123742,Mixture,Fish,Onmy,200,900226000534377,616,213.90126,34.72423,60.76313,9.86414,11.66067,3.52025,large,NA,-27.4470325,-27.4470325,-0.1650475
463,21,11,2,123622,Mixture,Fish,Onmy,201,900226000536306,611,250.08097,40.92978,72.62159,11.88569,11.90418,3.44362,large,-24.27203,NA,-24.27203,0
457,12,11,2,123613,Mixture,Fish,Onmy,209,900226000688959,682,259.08239,37.98862,74.30011,10.89444,11.64064,3.48697,large,-26.89268,NA,-26.89268,0
469,34,11,2,123646,Mixture,Fish,Onmy,212,900226000534764,714,279.05398,39.08319,83.56134,11.70327,11.09489,3.33951,large,-28.24306,NA,-28.24306,0
461,19,11,2,123620,Mixture,Fish,Onmy,212,900226000688191,670,286.2947,42.73055,82.88819,12.37137,11.48707,3.45399,large,-27.32024,NA,-27.32024,0
455,11,11,2,123611,Mixture,Fish,Onmy,212,900226000534376,621,248.56382,40.02638,73.80285,11.88452,12.28569,3.36794,large,-24.2638,NA,-24.2638,0
495,58,11,3,123748,Mixture,Fish,Onmy,213,900226000688993,680,267.80981,39.3838,78.84712,11.59517,11.40809,3.39657,large,-28.01175,NA,-28.01175,0
487,50,11,3,123740,Mixture,Fish,Onmy,214,900226000536361,233,95.88112,41.1507,28.66154,12.30109,10.47064,3.34529,very small,-30.1707,NA,-30.1707,0
498,61,11,3,123751,Mixture,Fish,Onmy,214,900226000687627,737,297.00609,40.29933,87.94549,11.9329,11.31884,3.37716,large,-26.38533,NA,-26.38533,0
499,62,11,3,123752,Mixture,Fish,Onmy,215,900226000688884,698,280.76395,40.22406,81.84155,11.72515,11.38413,3.43058,large,-27.85438,NA,-27.85438,0
486,49,11,3,123739,Mixture,Fish,Onmy,216,900226000688960,298,115.45798,38.74429,33.75947,11.32868,12.07366,3.42002,very small,-27.78814,NA,-27.78814,0
460,16,11,2,123617,Mixture,Fish,Onmy,217,900226000688506,672,238.9611,35.55969,72.40857,10.77509,12.03754,3.30018,large,-24.35539,NA,-24.35539,0
459,15,11,2,123616,Mixture,Fish,Onmy,222,900226000756395,718,305.4037,42.53533,89.35259,12.44465,11.53137,3.41796,large,-27.85746,NA,-27.85746,0
468,26,11,2,123627,Mixture,Fish,Onmy,226,900226000688233,674,259.93484,38.566,77.49866,11.49832,11.91316,3.35406,large,-24.29628,NA,-24.29628,0
470,35,11,2,123660,Mixture,Fish,Onmy,236,900226000756340,641,267.66774,41.75784,77.87866,12.14956,11.58751,3.43698,large,-26.33281,NA,-26.33281,0
473,N3,11,2,123684,Mixture,Fish,Onmy,241,900226000648351,672,283.03457,42.11824,80.55602,11.9875,10.64887,3.51351,double tinned,NA,-25.9326051,-25.9326051,-0.1583749
482,45,11,3,123735,Mixture,Fish,Onmy,242,900226000688269,234,91.68976,39.18366,27.93326,11.93729,11.11492,3.28246,very small,-26.11727,NA,-26.11727,0
477,39,11,3,123729,Mixture,Fish,Onmy,248,900226000688843,728,270.79845,37.19759,80.15216,11.00991,12.06005,3.37855,large,-28.73446,NA,-28.73446,0
501,64,11,3,123754,Mixture,Fish,Onmy,258,900226000756347,763,262.46681,34.39932,80.00233,10.48523,11.43569,3.28074,large,-27.78012,NA,-27.78012,0
476,38,11,3,123728,Mixture,Fish,Onmy,360,900226000688148,651,231.36775,35.54036,71.90718,11.04565,12.53674,3.21759,large,-24.61921,NA,-24.61921,0
513,5,12,2,124749,Mixture,Fish,Onki,165,900226000536431,683,201.37891,29.48447,61.16622,8.95552,13.37325,3.29232,large,-24.11415,NA,-24.11415,0
512,4,12,2,124748,Mixture,Fish,Onki,172,900226000687529,636,230.71886,36.27655,66.53048,10.46077,12.9284,3.46787,large,-24.97798,NA,-24.97798,0
514,6,12,2,124750,Mixture,Fish,Onki,176,900226000687664,771,223.22362,28.95248,68.37098,8.86783,13.57331,3.26489,large,-25.02318,NA,-25.02318,0
511,2,12,2,124746,Mixture,Fish,Onki,181,900226000648565,654,239.55163,36.62869,69.89034,10.6866,13.204,3.42754,large,-26.30813,NA,-26.30813,0
515,7,12,2,124751,Mixture,Fish,Onki,181,900226000646190,712,218.37317,30.67039,64.54823,9.06576,13.25844,3.3831,large,-21.76122,NA,-21.76122,0
517,41,12,3,124800,Mixture,Fish,Onki,182,900226000690760,778,263.11747,33.81973,77.96995,10.02184,13.01481,3.3746,large,-27.03143,NA,-27.03143,0
510,1,12,2,124745,Mixture,Fish,Onki,184,900226000683121,637,211.75616,33.24273,62.97793,9.88665,13.74638,3.36239,large,-21.57596,NA,-21.57596,0
525,14,12,2,124758,Mixture,Fish,Onmy,140,900226000756301,635,235.31695,37.05779,67.71761,10.66419,12.17776,3.47497,large,-24.65599,NA,-24.65599,0
537,27,12,2,124773,Mixture,Fish,Onmy,149,900226000756616,650,245.42669,37.75795,70.80948,10.89377,12.3747,3.46601,large,-24.19452,NA,-24.19452,0
521,10,12,2,124754,Mixture,Fish,Onmy,152,900226000756373,678,236.29108,34.85119,68.69656,10.13224,13.0651,3.43963,large,-22.25556,NA,-22.25556,0
526,15,12,2,124759,Mixture,Fish,Onmy,155,900226000688777,601,221.83561,36.91108,64.41755,10.7184,12.0505,3.44371,large,-25.08477,NA,-25.08477,0
518,3,12,2,124747,Mixture,Fish,Onmy,160,900226000756337,677,274.65712,40.56974,76.21527,11.25779,12.63262,3.6037,double tinned,NA,-23.586767,-23.586767,-0.247663
580,71,12,4,124847,Mixture,Fish,Onmy,160,900226000536352,360,151.45579,42.07105,45.6226,12.67294,12.21369,3.31975,small,-24.0758,NA,-24.0758,0
528,17,12,2,124761,Mixture,Fish,Onmy,161,900226000688591,611,238.94596,39.10736,69.28127,11.339,11.96267,3.44893,large,-25.4994,NA,-25.4994,0
539,28,12,2,124776,Mixture,Fish,Onmy,163,900226000687661,719,282.04484,39.22738,81.9411,11.39654,12.63899,3.44204,large,-22.84537,NA,-22.84537,0
520,9,12,2,124753,Mixture,Fish,Onmy,167,900226000536402,743,263.9957,35.53105,76.41737,10.28498,12.61561,3.45466,large,-23.33501,NA,-23.33501,0
522,11,12,2,124755,Mixture,Fish,Onmy,168,900226000688558,631,257.41402,40.79461,74.24686,11.76654,13.41583,3.467,large,-20.94507,NA,-20.94507,0
532,21,12,2,124766,Mixture,Fish,Onmy,170,900226000687694,644,251.68029,39.08079,71.74635,11.14074,12.27056,3.50792,large,NA,-26.3578592,-26.3578592,-0.1528408
541,D3,12,2,124780,Mixture,Fish,Onmy,170,900226000536353,728,295.00081,40.52209,84.10775,11.55326,11.7067,3.50742,double tinned,NA,-25.2373942,-25.2373942,-0.1523458
575,66,12,4,124842,Mixture,Fish,Onmy,170,900226000756645,436,154.46284,35.42726,47.76824,10.95602,14.66363,3.23359,small,-22.67575,NA,-22.67575,0
540,29,12,2,124779,Mixture,Fish,Onmy,174,900226000756696,737,280.9849,38.1255,81.96989,11.1221,12.11626,3.4279,large,-25.87089,NA,-25.87089,0
569,60,12,3,124825,Mixture,Fish,Onmy,175,900226000536274,425,89.13649,20.97329,26.70526,6.28359,11.70837,3.33779,small,-26.39684,NA,-26.39684,0
535,24,12,2,124769,Mixture,Fish,Onmy,177,900226000536273,743,235.69928,31.72265,72.79617,9.7976,11.83522,3.2378,double tinned,-25.59213,NA,-25.59213,0
566,55,12,3,124815,Mixture,Fish,Onmy,177,900226000687648,671,245.40145,36.5725,72.06749,10.74031,11.82254,3.40516,large,-27.70053,NA,-27.70053,0
568,58,12,3,124819,Mixture,Fish,Onmy,178,900226000688580,676,272.08652,40.24948,80.28885,11.87705,11.81917,3.38885,large,-26.16619,NA,-26.16619,0
519,8,12,2,124752,Mixture,Fish,Onmy,181,900226000756694,630,219.88736,34.90276,64.58366,10.25138,12.84868,3.40469,large,-23.13759,NA,-23.13759,0
572,63,12,4,124839,Mixture,Fish,Onmy,182,900226000536369,654,234.43872,35.8469,68.51937,10.47697,10.78959,3.4215,large,-30.05237,NA,-30.05237,0
561,51,12,3,124810,Mixture,Fish,Onmy,184,900226000756330,687,239.62734,34.88025,70.29565,10.23226,10.89087,3.40885,large,-28.4001,NA,-28.4001,0
549,38,12,3,124797,Mixture,Fish,Onmy,186,900226000536422,682,287.23851,42.11708,82.48594,12.09471,12.46433,3.48227,large,-25.61482,NA,-25.61482,0
558,48,12,3,124807,Mixture,Fish,Onmy,186,900226000536251,770,298.70092,38.79233,85.22122,11.06769,12.40421,3.50501,large,NA,-23.9711201,-23.9711201,-0.1499599
529,18,12,2,124762,Mixture,Fish,Onmy,196,900226000536453,785,284.76533,36.27584,84.26664,10.7346,12.45798,3.37934,large,-25.58704,NA,-25.58704,0
530,19,12,2,124763,Mixture,Fish,Onmy,199,900226000688215,619,219.06465,35.39009,65.97456,10.65825,12.04658,3.32044,large,-27.34393,NA,-27.34393,0
543,32,12,3,124791,Mixture,Fish,Onmy,200,900226000534811,622,226.58007,36.42766,65.97235,10.60649,11.54273,3.43447,large,-26.78476,NA,-26.78476,0
563,53,12,3,124812,Mixture,Fish,Onmy,200,900226000688009,724,281.53001,38.88536,81.80821,11.29948,11.94915,3.44134,large,-25.76163,NA,-25.76163,0
547,36,12,3,124795,Mixture,Fish,Onmy,201,900226000536471,602,241.34342,40.09027,69.10408,11.47908,11.95785,3.49246,large,-27.22734,NA,-27.22734,0
562,52,12,3,124811,Mixture,Fish,Onmy,202,900226000756323,686,227.80657,33.20795,69.25912,10.09608,10.95306,3.28919,large,-28.01523,NA,-28.01523,0
544,33,12,3,124792,Mixture,Fish,Onmy,203,900226000536282,649,260.82599,40.18891,75.48272,11.63062,12.52633,3.45544,large,-25.34449,NA,-25.34449,0
576,67,12,4,124843,Mixture,Fish,Onmy,205,900226000756632,747,255.19826,34.16309,77.20363,10.33516,10.98855,3.30552,large,-30.07409,NA,-30.07409,0
548,37,12,3,124796,Mixture,Fish,Onmy,206,900226000687270,742,305.19175,41.13096,89.61318,12.07725,12.14688,3.40566,large,-26.53776,NA,-26.53776,0
556,46,12,3,124805,Mixture,Fish,Onmy,206,900226000536266,729,277.24485,38.03084,81.1039,11.12536,13.22046,3.41839,large,-21.01371,NA,-21.01371,0
536,26,12,2,124771,Mixture,Fish,Onmy,207,900226000536383,758,293.73943,38.7519,86.74058,11.44335,12.14079,3.38641,large,-23.25158,NA,-23.25158,0
571,62,12,4,124838,Mixture,Fish,Onmy,208,900226000536294,437,177.837,40.69497,53.53869,12.25142,12.92041,3.32165,small,-23.32037,NA,-23.32037,0
546,35,12,3,124794,Mixture,Fish,Onmy,210,900226000756368,709,269.60829,38.02656,80.16261,11.30643,11.48881,3.36327,large,-27.99737,NA,-27.99737,0
574,65,12,4,124841,Mixture,Fish,Onmy,210,900226000687693,730,247.41532,33.89251,73.85484,10.1171,12.19136,3.35002,large,-24.89663,NA,-24.89663,0
542,30,12,2,124783,Mixture,Fish,Onmy,211,900226000688807,688,256.20267,37.23876,77.71082,11.29518,11.70815,3.29687,large,-27.89463,NA,-27.89463,0
545,34,12,3,124793,Mixture,Fish,Onmy,211,900226000534377,674,234.39329,34.77645,69.7796,10.35306,12.45592,3.35905,large,-26.02739,NA,-26.02739,0
560,50,12,3,124809,Mixture,Fish,Onmy,212,900226000756339,724,215.34984,29.74445,67.06203,9.26271,11.41925,3.2112,large,-25.55648,NA,-25.55648,0
554,44,12,3,124803,Mixture,Fish,Onmy,216,900226000536424,653,250.19134,38.31414,73.69316,11.28532,11.47743,3.39504,large,-26.66538,NA,-26.66538,0
550,39,12,3,124798,Mixture,Fish,Onmy,218,900226000682166,626,246.44624,39.36841,70.42632,11.25021,11.3685,3.49935,large,-29.08706,NA,-29.08706,0
552,42,12,3,124801,Mixture,Fish,Onmy,221,900226000536258,702,284.20508,40.48505,82.18251,11.70691,12.55469,3.45822,large,-24.71132,NA,-24.71132,0
577,68,12,4,124844,Mixture,Fish,Onmy,221,900226000688908,664,256.82853,38.679,75.56246,11.37989,12.39406,3.39889,large,-25.27334,NA,-25.27334,0
557,47,12,3,124806,Mixture,Fish,Onmy,224,900226000756658,671,258.88783,38.58239,75.07077,11.18789,11.78461,3.44858,large,-27.72839,NA,-27.72839,0
579,70,12,4,124846,Mixture,Fish,Onmy,226,900226000688780,648,243.53395,37.5824,70.46176,10.87373,11.92635,3.45626,large,-27.57237,NA,-27.57237,0
573,64,12,4,124840,Mixture,Fish,Onmy,228,900226000687282,617,219.07979,35.50726,64.38876,10.43578,11.93634,3.40245,large,-26.88593,NA,-26.88593,0
533,22,12,2,124767,Mixture,Fish,Onmy,230,900226000647004,700,247.73835,35.39119,74.17599,10.59657,13.23563,3.33987,large,-24.13148,NA,-24.13148,0
565,54,12,3,124814,Mixture,Fish,Onmy,233,900226000536356,779,268.36161,34.4495,81.2235,10.42664,12.18393,3.30399,large,-24.06696,NA,-24.06696,0
564,D4,12,3,124813,Mixture,Fish,Onmy,237,900226000536447,507,196.93558,38.84331,58.67275,11.57253,12.69285,3.35651,small,-23.23073,NA,-23.23073,0
567,56,12,3,124816,Mixture,Fish,Onmy,238,900226000688190,697,250.15096,35.88966,73.84598,10.59483,12.09021,3.38747,large,-26.16639,NA,-26.16639,0
578,69,12,4,124845,Mixture,Fish,Onmy,238,900226000756656,759,246.91564,32.5317,76.32213,10.05562,11.35685,3.23518,large,-28.45585,NA,-28.45585,0
523,12,12,2,124756,Mixture,Fish,Onmy,240,900226000688570,637,252.28092,39.60454,73.62229,11.55766,12.92069,3.42669,large,-23.01743,NA,-23.01743,0
524,13,12,2,124757,Mixture,Fish,Onmy,245,900226000688163,683,268.92186,39.37363,80.94886,11.85196,12.88612,3.32212,large,-22.63369,NA,-22.63369,0
551,40,12,3,124799,Mixture,Fish,Onmy,245,900226000687498,724,303.64222,41.93953,89.78815,12.40168,12.07568,3.38176,large,-26.70456,NA,-26.70456,0
559,49,12,3,124808,Mixture,Fish,Onmy,248,900226000756386,619,231.60718,37.41635,67.54043,10.91122,11.76327,3.42916,large,-29.4416,NA,-29.4416,0
553,43,12,3,124802,Mixture,Fish,Onmy,253,900226000688850,731,281.63096,38.52681,84.65202,11.5803,12.40763,3.32693,large,-24.27058,NA,-24.27058,0
534,23,12,2,124768,Mixture,Fish,Onmy,255,900226000688269,673,263.92503,39.2162,79.47602,11.80922,12.39965,3.32081,large,-24.80105,NA,-24.80105,0
527,16,12,2,124760,Mixture,Fish,Onmy,255,900226000648351,708,300.88135,42.49737,89.36291,12.62188,12.5946,3.36696,large,-24.70397,NA,-24.70397,0
570,D5,12,3,124826,Mixture,Fish,Onmy,255,900226000756643,658,242.44989,36.84649,71.38897,10.84939,10.85401,3.39618,double tinned,-28.10343,NA,-28.10343,0
555,45,12,3,124804,Mixture,Fish,Onmy,280,900226000687723,641,281.81771,43.96532,82.38406,12.85243,13.20842,3.42078,large,-25.42049,NA,-25.42049,0
531,20,12,2,124764,Mixture,Fish,Onmy,380,900226000688148,627,247.92495,39.54146,76.24674,12.16057,12.90903,3.25161,double tinned,-24.58235,NA,-24.58235,0
